Serie,Auto,ID,Index,Class,LogoPfad,Rennen1,Layout1,Rennen2,Layout2,Rennen3,Layout3,Rennen4,Layout4,Rennen5,Layout5,Rennen6,Layout6,Laenge,Pitstop
24h15,Audi R8 LMS,6057,80,1703,logos/24Hseries2015.jpg,2866,11909,5297,5298,6586,6587,,,,,,,244 min,free
24h15,Audi R8 LMS Ultra,2037,80,1703,logos/24Hseries2015.jpg,2866,11909,5297,5298,6586,6587,,,,,,,244 min,free
24h15,BMW Alpina B6 GT3,1695,80,1703,logos/24Hseries2015.jpg,2866,11909,5297,5298,6586,6587,,,,,,,244 min,free
24h15,BMW Z4 GT3,1738,80,1703,logos/24Hseries2015.jpg,2866,11909,5297,5298,6586,6587,,,,,,,244 min,free
24h15,Bentley Continental GT3,5170,80,1703,logos/24Hseries2015.jpg,2866,11909,5297,5298,6586,6587,,,,,,,244 min,free
24h15,Chevrolet Camaro GT3,2338,80,1703,logos/24Hseries2015.jpg,2866,11909,5297,5298,6586,6587,,,,,,,244 min,free
24h15,Chevrolet Corvette Z06.R GT3,3626,80,1703,logos/24Hseries2015.jpg,2866,11909,5297,5298,6586,6587,,,,,,,244 min,free
24h15,Ford GT GT3,3754,80,1703,logos/24Hseries2015.jpg,2866,11909,5297,5298,6586,6587,,,,,,,244 min,free
24h15,Ford Mustang GT3,1782,80,1703,logos/24Hseries2015.jpg,2866,11909,5297,5298,6586,6587,,,,,,,244 min,free
24h15,McLaren MP4-12C GT3,1909,80,1703,logos/24Hseries2015.jpg,2866,11909,5297,5298,6586,6587,,,,,,,244 min,free
24h15,Mercedes-Benz SLS AMG GT3,2533,80,1703,logos/24Hseries2015.jpg,2866,11909,5297,5298,6586,6587,,,,,,,244 min,free
24h15,Nissan GT-R GT3,1811,80,1703,logos/24Hseries2015.jpg,2866,11909,5297,5298,6586,6587,,,,,,,244 min,free
24h15,P4-5 Competizione GT3,1821,80,1703,logos/24Hseries2015.jpg,2866,11909,5297,5298,6586,6587,,,,,,,244 min,free
24h15,RUF RT12R GTR3,3516,80,1703,logos/24Hseries2015.jpg,2866,11909,5297,5298,6586,6587,,,,,,,244 min,free
24h15,Audi TT RS VLN,4299,140,5234,logos/24Hseries2015.jpg,2866,11909,5297,5298,6586,6587,,,,,,,244 min,free
24h15,BMW E90 320 TC,2705,145,1922,logos/24Hseries2015.jpg,2866,11909,5297,5298,6586,6587,,,,,,,244 min,free
24h15,Honda Civic WTCC,2728,145,1922,logos/24Hseries2015.jpg,2866,11909,5297,5298,6586,6587,,,,,,,244 min,free
24h15,Seat Leon WTCC,2804,145,1922,logos/24Hseries2015.jpg,2866,11909,5297,5298,6586,6587,,,,,,,244 min,free
24h15,Chevrolet Cruze WTCC,2846,145,1922,logos/24Hseries2015.jpg,2866,11909,5297,5298,6586,6587,,,,,,,244 min,free
24h15,Chevrolet RML Cruze TC1,4046,120,3905,logos/24Hseries2015.jpg,2866,11909,5297,5298,6586,6587,,,,,,,244 min,free
24h15,Citroën C-Elysée WTCC,3899,120,3905,logos/24Hseries2015.jpg,2866,11909,5297,5298,6586,6587,,,,,,,244 min,free
24h15,Honda Civic WTCC 2014,4197,120,3905,logos/24Hseries2015.jpg,2866,11909,5297,5298,6586,6587,,,,,,,244 min,free
24h15,KTM X-Bow GT4,5767,165,5825,logos/24Hseries2015.jpg,2866,11909,5297,5298,6586,6587,,,,,,,244 min,free
24h15,Lotus Evora GT4,7162,165,5825,logos/24Hseries2015.jpg,2866,11909,5297,5298,6586,6587,,,,,,,244 min,free
24h15,Porsche Cayman GT4 CS MR,6623,165,5825,logos/24Hseries2015.jpg,2866,11909,5297,5298,6586,6587,,,,,,,244 min,free
24h15,BMW M235i Racing,6262,201,6344,logos/24Hseries2015.jpg,2866,11909,5297,5298,6586,6587,,,,,,,244 min,free
Supercars Endurance,Porsche 911 GT3 Cup (991.2),8166,110,8165,logos/SCE.png,2018,2024,1771,1778,13186,13187,8703,8704,9657,9659,1771,1784,60 min,mandatory
Supercars Endurance,Alpine A110 GT4+,13398,165,5825,logos/SCE.png,2018,2024,1771,1778,13186,13187,8703,8704,9657,9659,1771,1784,60 min,mandatory
Supercars Endurance,Audi R8 LMS GT4 2020,8900,165,5825,logos/SCE.png,2018,2024,1771,1778,13186,13187,8703,8704,9657,9659,1771,1784,60 min,mandatory
Supercars Endurance,BMW M4 GT4 (F82),8053,165,5825,logos/SCE.png,2018,2024,1771,1778,13186,13187,8703,8704,9657,9659,1771,1784,60 min,mandatory
Supercars Endurance,BMW M4 GT4 (G82),12509,165,5825,logos/SCE.png,2018,2024,1771,1778,13186,13187,8703,8704,9657,9659,1771,1784,60 min,mandatory
Supercars Endurance,KTM X-Bow GT4,5767,165,5825,logos/SCE.png,2018,2024,1771,1778,13186,13187,8703,8704,9657,9659,1771,1784,60 min,mandatory
Supercars Endurance,Lotus Evora GT4,7162,165,5825,logos/SCE.png,2018,2024,1771,1778,13186,13187,8703,8704,9657,9659,1771,1784,60 min,mandatory
Supercars Endurance,McLaren 570s GT4,10744,165,5825,logos/SCE.png,2018,2024,1771,1778,13186,13187,8703,8704,9657,9659,1771,1784,60 min,mandatory
Supercars Endurance,Mercedes AMG GT4 2020,9644,165,5825,logos/SCE.png,2018,2024,1771,1778,13186,13187,8703,8704,9657,9659,1771,1784,60 min,mandatory
Supercars Endurance,Porsche 718 Cayman GT4 Clubsport,8201,165,5825,logos/SCE.png,2018,2024,1771,1778,13186,13187,8703,8704,9657,9659,1771,1784,60 min,mandatory
Supercars Endurance,Porsche Cayman GT4 CS MR,6623,165,5825,logos/SCE.png,2018,2024,1771,1778,13186,13187,8703,8704,9657,9659,1771,1784,60 min,mandatory
Supercars Endurance,Alfa Romeo Giulietta TCR,7029,160,7009,logos/SCE.png,2018,2024,1771,1778,13186,13187,8703,8704,9657,9659,1771,1784,60 min,mandatory
Supercars Endurance,Audi RS 3 LMS,7011,160,7009,logos/SCE.png,2018,2024,1771,1778,13186,13187,8703,8704,9657,9659,1771,1784,60 min,mandatory
Supercars Endurance,CUPRA TCR,7005,160,7009,logos/SCE.png,2018,2024,1771,1778,13186,13187,8703,8704,9657,9659,1771,1784,60 min,mandatory
Supercars Endurance,Honda Civic TCR,7125,160,7009,logos/SCE.png,2018,2024,1771,1778,13186,13187,8703,8704,9657,9659,1771,1784,60 min,mandatory
Supercars Endurance,Hyundai i30 N TCR,7117,160,7009,logos/SCE.png,2018,2024,1771,1778,13186,13187,8703,8704,9657,9659,1771,1784,60 min,mandatory
Supercars Endurance,Peugeot 308 TCR,7036,160,7009,logos/SCE.png,2018,2024,1771,1778,13186,13187,8703,8704,9657,9659,1771,1784,60 min,mandatory
Supercars Endurance,Volkswagen Golf GTI TCR,7105,160,7009,logos/SCE.png,2018,2024,1771,1778,13186,13187,8703,8704,9657,9659,1771,1784,60 min,mandatory
Supercars Endurance,Audi RS 3 LMS 2021,11325,160,11317,logos/SCE.png,2018,2024,1771,1778,13186,13187,8703,8704,9657,9659,1771,1784,60 min,mandatory
Supercars Endurance,CUPRA Leon Competición,11323,160,11317,logos/SCE.png,2018,2024,1771,1778,13186,13187,8703,8704,9657,9659,1771,1784,60 min,mandatory
Supercars Endurance,Honda Civic TCR,11320,160,11317,logos/SCE.png,2018,2024,1771,1778,13186,13187,8703,8704,9657,9659,1771,1784,60 min,mandatory
Supercars Endurance,Hyundai Elantra TCR 2022,11318,160,11317,logos/SCE.png,2018,2024,1771,1778,13186,13187,8703,8704,9657,9659,1771,1784,60 min,mandatory
Supercars Endurance,Lynk & Co 03 TCR,11328,160,11317,logos/SCE.png,2018,2024,1771,1778,13186,13187,8703,8704,9657,9659,1771,1784,60 min,mandatory
Supercars Endurance,Audi RS 3 LMS,10578,160,8660,logos/SCE.png,2018,2024,1771,1778,13186,13187,8703,8704,9657,9659,1771,1784,60 min,mandatory
Supercars Endurance,CUPRA Leon Competición,8726,160,8660,logos/SCE.png,2018,2024,1771,1778,13186,13187,8703,8704,9657,9659,1771,1784,60 min,mandatory
Supercars Endurance,Honda Civic TCR,10441,160,8660,logos/SCE.png,2018,2024,1771,1778,13186,13187,8703,8704,9657,9659,1771,1784,60 min,mandatory
Tourenwagen_Legenden,AMG-Mercedes CLK DTM,7169,51,7167,logos/Tourenwagen-Legenden.png,1690,2010,2020,2026,7818,7819,13255,13368,1692,1693,10781,10782,60 min,mandatory
Tourenwagen_Legenden,AMG-Mercedes CLK-DTM 2002,13265,51,13264,logos/Tourenwagen-Legenden.png,1690,2010,2020,2026,7818,7819,13255,13368,1692,1693,10781,10782,60 min,mandatory
Tourenwagen_Legenden,ABT-Audi TT-R,13312,51,13264,logos/Tourenwagen-Legenden.png,1690,2010,2020,2026,7818,7819,13255,13368,1692,1693,10781,10782,60 min,mandatory
Tourenwagen_Legenden,Opel Astra V8 Coupé,13323,51,13264,logos/Tourenwagen-Legenden.png,1690,2010,2020,2026,7818,7819,13255,13368,1692,1693,10781,10782,60 min,mandatory
Tourenwagen_Legenden,AMG-Mercedes C-Klasse DTM,7076,95,7075,logos/Tourenwagen-Legenden.png,1690,2010,2020,2026,7818,7819,13255,13368,1692,1693,10781,10782,60 min,mandatory
Tourenwagen_Legenden,Alfa Romeo 155 Ti DTM 1995,12850,95,7075,logos/Tourenwagen-Legenden.png,1690,2010,2020,2026,7818,7819,13255,13368,1692,1693,10781,10782,60 min,mandatory
Tourenwagen_Legenden,Opel Calibra V6 DTM,12839,95,7075,logos/Tourenwagen-Legenden.png,1690,2010,2020,2026,7818,7819,13255,13368,1692,1693,10781,10782,60 min,mandatory
Tourenwagen_Legenden,AMG-Mercedes C-Klasse DTM 2005,7183,45,7168,logos/Tourenwagen-Legenden.png,1690,2010,2020,2026,7818,7819,13255,13368,1692,1693,10781,10782,60 min,mandatory
Tourenwagen_Legenden,BMW 320 Turbo,1700,100,1708,logos/Tourenwagen-Legenden.png,1690,2010,2020,2026,7818,7819,13255,13368,1692,1693,10781,10782,60 min,mandatory
Tourenwagen_Legenden,Chevrolet Corvette Greenwood 1977,4075,100,1708,logos/Tourenwagen-Legenden.png,1690,2010,2020,2026,7818,7819,13255,13368,1692,1693,10781,10782,60 min,mandatory
Tourenwagen_Legenden,Chevrolet Dekon Monza,4145,100,1708,logos/Tourenwagen-Legenden.png,1690,2010,2020,2026,7818,7819,13255,13368,1692,1693,10781,10782,60 min,mandatory
Tourenwagen_Legenden,Fabcar 935,2859,100,1708,logos/Tourenwagen-Legenden.png,1690,2010,2020,2026,7818,7819,13255,13368,1692,1693,10781,10782,60 min,mandatory
Tourenwagen_Legenden,Nissan Silvia Turbo,1815,100,1708,logos/Tourenwagen-Legenden.png,1690,2010,2020,2026,7818,7819,13255,13368,1692,1693,10781,10782,60 min,mandatory
Tourenwagen_Legenden,Nissan Skyline 2000RS,1818,100,1708,logos/Tourenwagen-Legenden.png,1690,2010,2020,2026,7818,7819,13255,13368,1692,1693,10781,10782,60 min,mandatory
Tourenwagen_Legenden,Zakspeed Capri,2044,100,1708,logos/Tourenwagen-Legenden.png,1690,2010,2020,2026,7818,7819,13255,13368,1692,1693,10781,10782,60 min,mandatory
Tourenwagen_Legenden,Audi V8 DTM,3662,155,3499,logos/Tourenwagen-Legenden.png,1690,2010,2020,2026,7818,7819,13255,13368,1692,1693,10781,10782,60 min,mandatory
Tourenwagen_Legenden,BMW M3 Sport Evolution,3549,155,3499,logos/Tourenwagen-Legenden.png,1690,2010,2020,2026,7818,7819,13255,13368,1692,1693,10781,10782,60 min,mandatory
Tourenwagen_Legenden,Ford Mustang GT DTM,3842,155,3499,logos/Tourenwagen-Legenden.png,1690,2010,2020,2026,7818,7819,13255,13368,1692,1693,10781,10782,60 min,mandatory
Tourenwagen_Legenden,Mercedes 190E Evo II DTM,3539,155,3499,logos/Tourenwagen-Legenden.png,1690,2010,2020,2026,7818,7819,13255,13368,1692,1693,10781,10782,60 min,mandatory
Tourenwagen_Legenden,Opel Omega 3000 Evo500,3874,155,3499,logos/Tourenwagen-Legenden.png,1690,2010,2020,2026,7818,7819,13255,13368,1692,1693,10781,10782,60 min,mandatory
Tourenwagen_Legenden,Alfa Romeo 156 Super Touring,13049,161,1710,logos/Tourenwagen-Legenden.png,1690,2010,2020,2026,7818,7819,13255,13368,1692,1693,10781,10782,60 min,mandatory
Tourenwagen_Legenden,Audi A4 Super Touring 1995,12561,161,1710,logos/Tourenwagen-Legenden.png,1690,2010,2020,2026,7818,7819,13255,13368,1692,1693,10781,10782,60 min,mandatory
Tourenwagen_Legenden,BMW 320i E36 Super Touring,12556,161,1710,logos/Tourenwagen-Legenden.png,1690,2010,2020,2026,7818,7819,13255,13368,1692,1693,10781,10782,60 min,mandatory
Tourenwagen_Legenden,Honda Accord Super Touring,8645,161,1710,logos/Tourenwagen-Legenden.png,1690,2010,2020,2026,7818,7819,13255,13368,1692,1693,10781,10782,60 min,mandatory
Tourenwagen_Legenden,Opel Vectra Super Touring,13065,161,1710,logos/Tourenwagen-Legenden.png,1690,2010,2020,2026,7818,7819,13255,13368,1692,1693,10781,10782,60 min,mandatory
Tourenwagen_Legenden,Renault Laguna Super Touring,13183,161,1710,logos/Tourenwagen-Legenden.png,1690,2010,2020,2026,7818,7819,13255,13368,1692,1693,10781,10782,60 min,mandatory
Tourenwagen_Legenden,Volvo 850 Super Touring,12652,161,1710,logos/Tourenwagen-Legenden.png,1690,2010,2020,2026,7818,7819,13255,13368,1692,1693,10781,10782,60 min,mandatory
Tourenwagen_Legenden,Volvo S40 Super Touring,12829,161,1710,logos/Tourenwagen-Legenden.png,1690,2010,2020,2026,7818,7819,13255,13368,1692,1693,10781,10782,60 min,mandatory
Tourenwagen_Legenden,BMW M1 Gr. 4,7805,199,7304,logos/Tourenwagen-Legenden.png,1690,2010,2020,2026,7818,7819,13255,13368,1692,1693,10781,10782,60 min,mandatory
Tourenwagen_Legenden,Porsche 934 Turbo RSR,7282,199,7304,logos/Tourenwagen-Legenden.png,1690,2010,2020,2026,7818,7819,13255,13368,1692,1693,10781,10782,60 min,mandatory
Tourenwagen_Legenden,BMW 635 CSI,1862,205,1712,logos/Tourenwagen-Legenden.png,1690,2010,2020,2026,7818,7819,13255,13368,1692,1693,10781,10782,60 min,mandatory
Tourenwagen_Legenden,BMW M3 E30 Gr.A,2116,205,1712,logos/Tourenwagen-Legenden.png,1690,2010,2020,2026,7818,7819,13255,13368,1692,1693,10781,10782,60 min,mandatory
Tourenwagen_Legenden,Nissan Skyline GTR R32 Group N,3964,205,1712,logos/Tourenwagen-Legenden.png,1690,2010,2020,2026,7818,7819,13255,13368,1692,1693,10781,10782,60 min,mandatory
Tourenwagen_Legenden,Volvo 240 Turbo,2275,205,1712,logos/Tourenwagen-Legenden.png,1690,2010,2020,2026,7818,7819,13255,13368,1692,1693,10781,10782,60 min,mandatory
Tourenwagen_Legenden,Porsche 911 Carrera Cup (964),7396,205,7287,logos/Tourenwagen-Legenden.png,1690,2010,2020,2026,7818,7819,13255,13368,1692,1693,10781,10782,60 min,mandatory
Cup_Tourenwagen_Trophy,Chevrolet RML Cruze TC1,4046,120,3905,logos/CTT.png,1692,1693,9984,9985,1690,2011,1683,1684,13255,13368,1690,1691,25 min,non
Cup_Tourenwagen_Trophy,Citroën C-Elysée WTCC,3899,120,3905,logos/CTT.png,1692,1693,9984,9985,1690,2011,1683,1684,13255,13368,1690,1691,25 min,non
Cup_Tourenwagen_Trophy,Honda Civic WTCC 2014,4197,120,3905,logos/CTT.png,1692,1693,9984,9985,1690,2011,1683,1684,13255,13368,1690,1691,25 min,non
Cup_Tourenwagen_Trophy,LADA Granta 1.6T,4067,120,3905,logos/CTT.png,1692,1693,9984,9985,1690,2011,1683,1684,13255,13368,1690,1691,25 min,non
Cup_Tourenwagen_Trophy,BMW E90 320 TC,2705,145,1922,logos/CTT.png,1692,1693,9984,9985,1690,2011,1683,1684,13255,13368,1690,1691,25 min,non
Cup_Tourenwagen_Trophy,Chevrolet Cruze WTCC,2846,145,1922,logos/CTT.png,1692,1693,9984,9985,1690,2011,1683,1684,13255,13368,1690,1691,25 min,non
Cup_Tourenwagen_Trophy,Honda Civic WTCC,2728,145,1922,logos/CTT.png,1692,1693,9984,9985,1690,2011,1683,1684,13255,13368,1690,1691,25 min,non
Cup_Tourenwagen_Trophy,Lada Granata WTCC,2842,145,1922,logos/CTT.png,1692,1693,9984,9985,1690,2011,1683,1684,13255,13368,1690,1691,25 min,non
Cup_Tourenwagen_Trophy,Seat Leon WTCC,2804,145,1922,logos/CTT.png,1692,1693,9984,9985,1690,2011,1683,1684,13255,13368,1690,1691,25 min,non
Cup_Tourenwagen_Trophy,Alfa Romeo Giulietta TCR,7029,160,7009,logos/CTT.png,1692,1693,9984,9985,1690,2011,1683,1684,13255,13368,1690,1691,25 min,non
Cup_Tourenwagen_Trophy,Audi RS 3 LMS,7011,160,7009,logos/CTT.png,1692,1693,9984,9985,1690,2011,1683,1684,13255,13368,1690,1691,25 min,non
Cup_Tourenwagen_Trophy,CUPRA TCR,7005,160,7009,logos/CTT.png,1692,1693,9984,9985,1690,2011,1683,1684,13255,13368,1690,1691,25 min,non
Cup_Tourenwagen_Trophy,Honda Civic TCR,7125,160,7009,logos/CTT.png,1692,1693,9984,9985,1690,2011,1683,1684,13255,13368,1690,1691,25 min,non
Cup_Tourenwagen_Trophy,Hyundai i30 N TCR,7117,160,7009,logos/CTT.png,1692,1693,9984,9985,1690,2011,1683,1684,13255,13368,1690,1691,25 min,non
Cup_Tourenwagen_Trophy,Peugeot 308 TCR,7036,160,7009,logos/CTT.png,1692,1693,9984,9985,1690,2011,1683,1684,13255,13368,1690,1691,25 min,non
Cup_Tourenwagen_Trophy,Volkswagen Golf GTI TCR,7105,160,7009,logos/CTT.png,1692,1693,9984,9985,1690,2011,1683,1684,13255,13368,1690,1691,25 min,non
Cup_Tourenwagen_Trophy,Opel Astra,8149,160,8660,logos/CTT.png,1692,1693,9984,9985,1690,2011,1683,1684,13255,13368,1690,1691,25 min,non
Cup_Tourenwagen_Trophy,Porsche Cayman GT4 Clubsport,6568,180,6648,logos/CTT.png,1692,1693,9984,9985,1690,2011,1683,1684,13255,13368,1690,1691,25 min,non
Cup_Tourenwagen_Trophy,Audi TT cup 2015,4681,189,4680,logos/CTT.png,1692,1693,9984,9985,1690,2011,1683,1684,13255,13368,1690,1691,25 min,non
Cup_Tourenwagen_Trophy,BMW M235i Racing,6262,201,6344,logos/CTT.png,1692,1693,9984,9985,1690,2011,1683,1684,13255,13368,1690,1691,25 min,non
Cup_Tourenwagen_Trophy,Mazda MX-5 CUP 2019 ND2,10914,203,10977,logos/CTT.png,1692,1693,9984,9985,1690,2011,1683,1684,13255,13368,1690,1691,25 min,non
PorscheClubHistoric_Challenge,RUF RT12R,1837,75,1704,logos/PCHC.jpg,1692,,12505,,1690,,1683,,9984,,,,30 min,non
PorscheClubHistoric_Challenge,Porsche Cayman GT4 Clubsport,6568,180,6648,logos/PCHC.jpg,1692,,12505,,1690,,1683,,9984,,,,30 min,non
PorscheClubHistoric_Challenge,Porsche 911 GT3 Cup (991.2) Endurance,4675,105,6345,logos/PCHC.jpg,1692,,12505,,1690,,1683,,9984,,,,30 min,non
PorscheClubHistoric_Challenge,Porsche 911 GT3 Cup (992) Endurance,12012,104,12302,logos/PCHC.jpg,1692,,12505,,1690,,1683,,9984,,,,30 min,non
PorscheClubHistoric_Challenge,Porsche 911 Carrera Cup (964),7396,205,7287,logos/PCHC.jpg,1692,,12505,,1690,,1683,,9984,,,,30 min,non
PorscheClubHistoric_Challenge,Porsche 944 Turbo Cup,11561,209,11564,logos/PCHC.jpg,1692,,12505,,1690,,1683,,9984,,,,30 min,non
PorscheClubHistoric_Challenge,Porsche 911 GT3 R,6349,80,1703,logos/PCHC.jpg,1692,,12505,,1690,,1683,,9984,,,,30 min,non
PorscheClubHistoric_Challenge,Porsche 911 GT3 R (2019),8257,80,1703,logos/PCHC.jpg,1692,,12505,,1690,,1683,,9984,,,,30 min,non
TCO,Ford Mustang GT3,1782,80,1703,logos/histocupTCO.png,7111,7112,5297,5298,2029,2064,2521,2556,2020,2026,1865,1866,60 min,mandatory
TCO,Alfa Romeo Giulietta TCR,7029,160,7009,logos/histocupTCO.png,7111,7112,5297,5298,2029,2064,2521,2556,2020,2026,1865,1866,60 min,mandatory
TCO,Audi R8 LMS Ultra,2037,80,1703,logos/histocupTCO.png,7111,7112,5297,5298,2029,2064,2521,2556,2020,2026,1865,1866,60 min,mandatory
TCO,Audi RS 3 LMS,7011,160,7009,logos/histocupTCO.png,7111,7112,5297,5298,2029,2064,2521,2556,2020,2026,1865,1866,60 min,mandatory
TCO,Bentley Continental GT3,5170,80,1703,logos/histocupTCO.png,7111,7112,5297,5298,2029,2064,2521,2556,2020,2026,1865,1866,60 min,mandatory
TCO,BMW M4 GT4 (F82),8053,165,5825,logos/histocupTCO.png,7111,7112,5297,5298,2029,2064,2521,2556,2020,2026,1865,1866,60 min,mandatory
TCO,BMW Z4 GT3,1738,80,1703,logos/histocupTCO.png,7111,7112,5297,5298,2029,2064,2521,2556,2020,2026,1865,1866,60 min,mandatory
TCO,Chevrolet Camaro GT3,2338,80,1703,logos/histocupTCO.png,7111,7112,5297,5298,2029,2064,2521,2556,2020,2026,1865,1866,60 min,mandatory
TCO,Chevrolet Camaro GT3,2338,80,1703,logos/histocupTCO.png,7111,7112,5297,5298,2029,2064,2521,2556,2020,2026,1865,1866,60 min,mandatory
TCO,Chevrolet Corvette Z06.R GT3,3626,80,1703,logos/histocupTCO.png,7111,7112,5297,5298,2029,2064,2521,2556,2020,2026,1865,1866,60 min,mandatory
TCO,CUPRA TCR,7005,160,7009,logos/histocupTCO.png,7111,7112,5297,5298,2029,2064,2521,2556,2020,2026,1865,1866,60 min,mandatory
TCO,Ford GT GT3,3754,80,1703,logos/histocupTCO.png,7111,7112,5297,5298,2029,2064,2521,2556,2020,2026,1865,1866,60 min,mandatory
TCO,Honda Civic TCR,7125,160,7009,logos/histocupTCO.png,7111,7112,5297,5298,2029,2064,2521,2556,2020,2026,1865,1866,60 min,mandatory
TCO,Hyundai i30 N TCR,7117,160,7009,logos/histocupTCO.png,7111,7112,5297,5298,2029,2064,2521,2556,2020,2026,1865,1866,60 min,mandatory
TCO,KTM X-Bow GT4,5767,165,5825,logos/histocupTCO.png,7111,7112,5297,5298,2029,2064,2521,2556,2020,2026,1865,1866,60 min,mandatory
TCO,KTM X-Bow RR,5342,130,5385,logos/histocupTCO.png,7111,7112,5297,5298,2029,2064,2521,2556,2020,2026,1865,1866,60 min,mandatory
TCO,Audi TT RS VLN,4299,140,5234,logos/histocupTCO.png,7111,7112,5297,5298,2029,2064,2521,2556,2020,2026,1865,1866,60 min,mandatory
TCO,McLaren MP4-12C GT3,1909,80,1703,logos/histocupTCO.png,7111,7112,5297,5298,2029,2064,2521,2556,2020,2026,1865,1866,60 min,mandatory
TCO,Mercedes-Benz SLS AMG GT3,2533,80,1703,logos/histocupTCO.png,7111,7112,5297,5298,2029,2064,2521,2556,2020,2026,1865,1866,60 min,mandatory
TCO,Nissan GT-R GT3,1811,80,1703,logos/histocupTCO.png,7111,7112,5297,5298,2029,2064,2521,2556,2020,2026,1865,1866,60 min,mandatory
TCO,Nissan GT-R GT3,1811,80,1703,logos/histocupTCO.png,7111,7112,5297,5298,2029,2064,2521,2556,2020,2026,1865,1866,60 min,mandatory
TCO,Opel Astra,8149,160,8660,logos/histocupTCO.png,7111,7112,5297,5298,2029,2064,2521,2556,2020,2026,1865,1866,60 min,mandatory
TCO,P4-5 Competizione GT3,1821,80,1703,logos/histocupTCO.png,7111,7112,5297,5298,2029,2064,2521,2556,2020,2026,1865,1866,60 min,mandatory
TCO,Peugeot 308 TCR,7036,160,7009,logos/histocupTCO.png,7111,7112,5297,5298,2029,2064,2521,2556,2020,2026,1865,1866,60 min,mandatory
TCO,Porsche 911 GT3 Cup (991.2) Endurance,4675,105,6345,logos/histocupTCO.png,7111,7112,5297,5298,2029,2064,2521,2556,2020,2026,1865,1866,60 min,mandatory
TCO,Porsche 911 GT3 R,6349,80,1703,logos/histocupTCO.png,7111,7112,5297,5298,2029,2064,2521,2556,2020,2026,1865,1866,60 min,mandatory
TCO,Porsche Cayman GT4 CS MR,6623,165,5825,logos/histocupTCO.png,7111,7112,5297,5298,2029,2064,2521,2556,2020,2026,1865,1866,60 min,mandatory
TCO,RUF RT12R GTR3,3516,80,1703,logos/histocupTCO.png,7111,7112,5297,5298,2029,2064,2521,2556,2020,2026,1865,1866,60 min,mandatory
TCO,Volkswagen Golf GTI TCR,7105,160,7009,logos/histocupTCO.png,7111,7112,5297,5298,2029,2064,2521,2556,2020,2026,1865,1866,60 min,mandatory
TCO,BMW Alpina B6 GT3,1695,80,1703,logos/histocupTCO.png,7111,7112,5297,5298,2029,2064,2521,2556,2020,2026,1865,1866,60 min,mandatory
Lurani_Trophy,Crosslé 90F,10896,207,10899,logos/LunariTrophy.jpg,1692,1693,1690,1691,10903,10904,1849,1850,,,,,25 min,non
DHLM,Alfa Romeo 156 Super Touring,13049,161,1710,logos/DHLM.jpg,2812,4975,2812,5095,2812,5095,2812,4975,,,,,90 min,free
DHLM,Audi A4 Super Touring 1995,12561,161,1710,logos/DHLM.jpg,2812,4975,2812,5095,2812,5095,2812,4975,,,,,90 min,free
DHLM,BMW 320i E36 Super Touring,12556,161,1710,logos/DHLM.jpg,2812,4975,2812,5095,2812,5095,2812,4975,,,,,90 min,free
DHLM,Honda Accord Super Touring,8645,161,1710,logos/DHLM.jpg,2812,4975,2812,5095,2812,5095,2812,4975,,,,,90 min,free
DHLM,Opel Vectra Super Touring,13065,161,1710,logos/DHLM.jpg,2812,4975,2812,5095,2812,5095,2812,4975,,,,,90 min,free
DHLM,Renault Laguna Super Touring,13183,161,1710,logos/DHLM.jpg,2812,4975,2812,5095,2812,5095,2812,4975,,,,,90 min,free
DHLM,Volvo 850 Super Touring,12652,161,1710,logos/DHLM.jpg,2812,4975,2812,5095,2812,5095,2812,4975,,,,,90 min,free
DHLM,Volvo S40 Super Touring,12829,161,1710,logos/DHLM.jpg,2812,4975,2812,5095,2812,5095,2812,4975,,,,,90 min,free
DHLM,BMW M1 Gr. 4,7805,199,7304,logos/DHLM.jpg,2812,4975,2812,5095,2812,5095,2812,4975,,,,,90 min,free
DHLM,Porsche 934 Turbo RSR,7282,199,7304,logos/DHLM.jpg,2812,4975,2812,5095,2812,5095,2812,4975,,,,,90 min,free
DHLM,BMW 635 CSI,1862,205,1712,logos/DHLM.jpg,2812,4975,2812,5095,2812,5095,2812,4975,,,,,90 min,free
DHLM,BMW M3 E30 Gr.A,2116,205,1712,logos/DHLM.jpg,2812,4975,2812,5095,2812,5095,2812,4975,,,,,90 min,free
DHLM,Nissan Skyline GTR R32 Group N,3964,205,1712,logos/DHLM.jpg,2812,4975,2812,5095,2812,5095,2812,4975,,,,,90 min,free
DHLM,Volvo 240 Turbo,2275,205,1712,logos/DHLM.jpg,2812,4975,2812,5095,2812,5095,2812,4975,,,,,90 min,free
DHLM,Porsche 911 Carrera Cup (964),7396,205,1712,logos/DHLM.jpg,2812,4975,2812,5095,2812,5095,2812,4975,,,,,90 min,free
DHLM,Porsche 944 Turbo Cup,11561,209,11564,logos/DHLM.jpg,2812,4975,2812,5095,2812,5095,2812,4975,,,,,90 min,free
DHLM,Volkswagen Scirocco Gr2,8498,212,8483,logos/DHLM.jpg,2812,4975,2812,5095,2812,5095,2812,4975,,,,,90 min,free
DHLM,NSU TTS,4810,215,4813,logos/DHLM.jpg,2812,4975,2812,5095,2812,5095,2812,4975,,,,,90 min,free
GT_Masters,Aston Martin Vantage AMR GT3 EVO DTM,13603,80,13571,logos/ADACGTMasters.png,2521,2556,10781,10782,2467,2468,1690,2011,2020,2026,1692,1693,2x 60 min,mandatory
GT_Masters,BMW M4 GT3 EVO DTM,13617,80,13571,logos/ADACGTMasters.png,2521,2556,10781,10782,2467,2468,1690,2011,2020,2026,1692,1693,60 min,mandatory
GT_Masters,Ford Mustang GT3 EVO DTM,13591,80,13571,logos/ADACGTMasters.png,2521,2556,10781,10782,2467,2468,1690,2011,2020,2026,1692,1693,60 min,mandatory
GT_Masters,McLaren 720S GT3 EVO DTM,13620,80,13571,logos/ADACGTMasters.png,2521,2556,10781,10782,2467,2468,1690,2011,2020,2026,1692,1693,60 min,mandatory
GT_Masters,Mercedes-AMG GT3 2020 DTM,13597,80,13571,logos/ADACGTMasters.png,2521,2556,10781,10782,2467,2468,1690,2011,2020,2026,1692,1693,60 min,mandatory
GT_Masters,Porsche 911 GT3 R (992.2) DTM,13572,80,13571,logos/ADACGTMasters.png,2521,2556,10781,10782,2467,2468,1690,2011,2020,2026,1692,1693,60 min,mandatory
GT_Masters,Audi R8 LMS GT3 EVO II,13190,80,13136,logos/ADACGTMasters.png,2521,2556,10781,10782,2467,2468,1690,2011,2020,2026,1692,1693,60 min,mandatory
GT_Masters,BMW M4 GT3 EVO DTM,13172,80,13136,logos/ADACGTMasters.png,2521,2556,10781,10782,2467,2468,1690,2011,2020,2026,1692,1693,60 min,mandatory
GT_Masters,Ferrari 296 GT3,13141,80,13136,logos/ADACGTMasters.png,2521,2556,10781,10782,2467,2468,1690,2011,2020,2026,1692,1693,60 min,mandatory
GT_Masters,Lamborghini Huracán GT3 EVO II,13160,80,13136,logos/ADACGTMasters.png,2521,2556,10781,10782,2467,2468,1690,2011,2020,2026,1692,1693,60 min,mandatory
GT_Masters,McLaren 720S GT3 EVO DTM,13174,80,13136,logos/ADACGTMasters.png,2521,2556,10781,10782,2467,2468,1690,2011,2020,2026,1692,1693,60 min,mandatory
GT_Masters,Mercedes-AMG GT3 2020,13164,80,13136,logos/ADACGTMasters.png,2521,2556,10781,10782,2467,2468,1690,2011,2020,2026,1692,1693,60 min,mandatory
GT_Masters,Porsche 911 GT3 R (992),13150,80,13136,logos/ADACGTMasters.png,2521,2556,10781,10782,2467,2468,1690,2011,2020,2026,1692,1693,60 min,mandatory
GT_Masters,Audi R8 LMS GT3 EVO II,12319,80,1703,logos/ADACGTMasters.png,2521,2556,10781,10782,2467,2468,1690,2011,2020,2026,1692,1693,60 min,mandatory
GT_Masters,Ferrari 296 GT3,12405,80,1703,logos/ADACGTMasters.png,2521,2556,10781,10782,2467,2468,1690,2011,2020,2026,1692,1693,60 min,mandatory
GT_Masters,Lamborghini Huracán GT3 EVO II,12771,80,1703,logos/ADACGTMasters.png,2521,2556,10781,10782,2467,2468,1690,2011,2020,2026,1692,1693,60 min,mandatory
GT_Masters,Mercedes-AMG GT3 2020,9603,80,1703,logos/ADACGTMasters.png,2521,2556,10781,10782,2467,2468,1690,2011,2020,2026,1692,1693,60 min,mandatory
GT_Masters,Porsche 911 GT3 R (992),12090,80,1703,logos/ADACGTMasters.png,2521,2556,10781,10782,2467,2468,1690,2011,2020,2026,1692,1693,60 min,mandatory
AsiaLMS,Mazda RT24 P DPi,11342,28,12003,logos/ALMS.jpg,6340,6341,6586,6587,6657,6658,,,,,,,120 min,free
AsiaLMS,Radical SR9 AER,1827,35,1923,logos/ALMS.jpg,6340,6341,6586,6587,6657,6658,,,,,,,120 min,free
AsiaLMS,Audi R8 LMS GT3 EVO,8604,80,1703,logos/ALMS.jpg,6340,6341,6586,6587,6657,6658,,,,,,,120 min,free
AsiaLMS,Audi R8 LMS GT3 EVO II,12319,80,1703,logos/ALMS.jpg,6340,6341,6586,6587,6657,6658,,,,,,,120 min,free
AsiaLMS,BMW M4 GT3,11536,80,1703,logos/ALMS.jpg,6340,6341,6586,6587,6657,6658,,,,,,,120 min,free
AsiaLMS,BMW M4 GT3 EVO DTM,13172,80,13136,logos/ALMS.jpg,6340,6341,6586,6587,6657,6658,,,,,,,120 min,free
AsiaLMS,Ferrari 296 GT3,12405,80,1703,logos/ALMS.jpg,6340,6341,6586,6587,6657,6658,,,,,,,120 min,free
AsiaLMS,Ferrari 488 GT3 EVO 2020,10890,80,1703,logos/ALMS.jpg,6340,6341,6586,6587,6657,6658,,,,,,,120 min,free
AsiaLMS,Lamborghini Huracán GT3 EVO II,12771,80,1703,logos/ALMS.jpg,6340,6341,6586,6587,6657,6658,,,,,,,120 min,free
AsiaLMS,McLaren 720S GT3,9575,80,1703,logos/ALMS.jpg,6340,6341,6586,6587,6657,6658,,,,,,,120 min,free
AsiaLMS,McLaren 720S GT3 EVO DTM,12815,80,13136,logos/ALMS.jpg,6340,6341,6586,6587,6657,6658,,,,,,,120 min,free
AsiaLMS,Mercedes-AMG GT3 2020,9603,80,1703,logos/ALMS.jpg,6340,6341,6586,6587,6657,6658,,,,,,,120 min,free
AsiaLMS,Porsche 911 GT3 R (2019),8257,80,1703,logos/ALMS.jpg,6340,6341,6586,6587,6657,6658,,,,,,,120 min,free
AsiaLMS,Porsche 911 GT3 R (992),12090,80,1703,logos/ALMS.jpg,6340,6341,6586,6587,6657,6658,,,,,,,120 min,free
Super_GT,Audi RS 5 DTM 2020,9102,32,9205,logos/supergt.jpg,6657,6658,1840,1841,6340,6341,4252,4253,2021,2027,3463,3464,300 km,free
Super_GT,BMW M4 DTM 2020,9094,32,9205,logos/supergt.jpg,6657,6658,1840,1841,6340,6341,4252,4253,2021,2027,3463,3464,300 km,free
Super_GT,Audi R8 LMS GT3 EVO II,12319,80,1703,logos/supergt.jpg,6657,6658,1840,1841,6340,6341,4252,4253,2021,2027,3463,3464,300 km,free
Super_GT,BMW M4 GT3,11536,80,1703,logos/supergt.jpg,6657,6658,1840,1841,6340,6341,4252,4253,2021,2027,3463,3464,300 km,free
Super_GT,Ferrari 296 GT3,12405,80,1703,logos/supergt.jpg,6657,6658,1840,1841,6340,6341,4252,4253,2021,2027,3463,3464,300 km,free
Super_GT,Lamborghini Huracán GT3 EVO II,12771,80,1703,logos/supergt.jpg,6657,6658,1840,1841,6340,6341,4252,4253,2021,2027,3463,3464,300 km,free
Super_GT,McLaren 720S GT3 EVO DTM,12815,80,13136,logos/supergt.jpg,6657,6658,1840,1841,6340,6341,4252,4253,2021,2027,3463,3464,300 km,free
Super_GT,Mercedes-AMG GT3 2020,9603,80,1703,logos/supergt.jpg,6657,6658,1840,1841,6340,6341,4252,4253,2021,2027,3463,3464,300 km,free
Super_GT,Porsche 911 GT3 R (992),12090,80,1703,logos/supergt.jpg,6657,6658,1840,1841,6340,6341,4252,4253,2021,2027,3463,3464,300 km,free
Super_GT,Nissan GT-R GT3,1811,80,1703,logos/supergt.jpg,6657,6658,1840,1841,6340,6341,4252,4253,2021,2027,3463,3464,300 km,free
Supercar Challenge,Praga R1,11051,82,11055,logos/supercar_challenge.png,10781,10782,13255,13256,1683,1684,9984,9985,1692,1693,10781,10782,60 min,
Supercar Challenge,BMW M6 GT3,5818,80,1703,logos/supercar_challenge.png,10781,10782,13255,13256,1683,1684,9984,9985,1692,1693,10781,10782,60 min,
Supercar Challenge,BMW Z4 GT3,1738,80,1703,logos/supercar_challenge.png,10781,10782,13255,13256,1683,1684,9984,9985,1692,1693,10781,10782,60 min,
Supercar Challenge,Bentley Continental GT3,5170,80,1703,logos/supercar_challenge.png,10781,10782,13255,13256,1683,1684,9984,9985,1692,1693,10781,10782,60 min,
Supercar Challenge,Nissan GT-R GT3,1811,80,1703,logos/supercar_challenge.png,10781,10782,13255,13256,1683,1684,9984,9985,1692,1693,10781,10782,60 min,
Supercar Challenge,Audi RS 3 LMS,7011,160,7009,logos/supercar_challenge.png,10781,10782,13255,13256,1683,1684,9984,9985,1692,1693,10781,10782,60 min,
Supercar Challenge,Honda Civic TCR,7125,160,7009,logos/supercar_challenge.png,10781,10782,13255,13256,1683,1684,9984,9985,1692,1693,10781,10782,60 min,
Supercar Challenge,Hyundai i30 N TCR,7117,160,7009,logos/supercar_challenge.png,10781,10782,13255,13256,1683,1684,9984,9985,1692,1693,10781,10782,60 min,
Supercar Challenge,Volkswagen Golf GTI TCR,7105,160,7009,logos/supercar_challenge.png,10781,10782,13255,13256,1683,1684,9984,9985,1692,1693,10781,10782,60 min,
Supercar Challenge,Renault Mégane RS TCR,9467,160,9233,logos/supercar_challenge.png,10781,10782,13255,13256,1683,1684,9984,9985,1692,1693,10781,10782,60 min,
Supercar Challenge,CUPRA Leon Competición,8726,160,8660,logos/supercar_challenge.png,10781,10782,13255,13256,1683,1684,9984,9985,1692,1693,10781,10782,60 min,
Supercar Challenge,Audi R8 LMS GT4 2020,8900,165,5825,logos/supercar_challenge.png,10781,10782,13255,13256,1683,1684,9984,9985,1692,1693,10781,10782,60 min,
Supercar Challenge,BMW M4 GT4 (F82),8053,165,5825,logos/supercar_challenge.png,10781,10782,13255,13256,1683,1684,9984,9985,1692,1693,10781,10782,60 min,
Supercar Challenge,BMW M4 GT4 (G82),12509,165,5825,logos/supercar_challenge.png,10781,10782,13255,13256,1683,1684,9984,9985,1692,1693,10781,10782,60 min,
Supercar Challenge,KTM X-Bow GT4,5767,165,5825,logos/supercar_challenge.png,10781,10782,13255,13256,1683,1684,9984,9985,1692,1693,10781,10782,60 min,
Supercar Challenge,Lotus Evora GT4,7162,165,5825,logos/supercar_challenge.png,10781,10782,13255,13256,1683,1684,9984,9985,1692,1693,10781,10782,60 min,
Supercar Challenge,CUPRA TCR,7005,160,7009,logos/supercar_challenge.png,10781,10782,13255,13256,1683,1684,9984,9985,1692,1693,10781,10782,60 min,
Supercar Challenge,Opel Astra,8149,160,8660,logos/supercar_challenge.png,10781,10782,13255,13256,1683,1684,9984,9985,1692,1693,10781,10782,60 min,
Supercar Challenge,BMW M235i Racing,6262,201,6344,logos/supercar_challenge.png,10781,10782,13255,13256,1683,1684,9984,9985,1692,1693,10781,10782,60 min,
MOMO SPORTSCAR Supercup,Nissan R90CK,4114,30,4121,logos/MOMO_SportscarSupercup.png,12111,12112,1692,1693,,,,,,,,,60 min,
MOMO SPORTSCAR Supercup,Porsche 962 C Team Joest,7399,30,4121,logos/MOMO_SportscarSupercup.png,12111,12112,1692,1693,,,,,,,,,60 min,
MOMO SPORTSCAR Supercup,DMD P21,1759,35,1923,logos/MOMO_SportscarSupercup.png,12111,12112,1692,1693,,,,,,,,,60 min,
MOMO SPORTSCAR Supercup,Mistral M531,1803,35,1923,logos/MOMO_SportscarSupercup.png,12111,12112,1692,1693,,,,,,,,,60 min,
MOMO SPORTSCAR Supercup,Radical SR9 AER,1827,35,1923,logos/MOMO_SportscarSupercup.png,12111,12112,1692,1693,,,,,,,,,60 min,
MOMO SPORTSCAR Supercup,Radical SR9 Judd,1831,35,1923,logos/MOMO_SportscarSupercup.png,12111,12112,1692,1693,,,,,,,,,60 min,
MOMO SPORTSCAR Supercup,Ford GT GT1,1779,68,1687,logos/MOMO_SportscarSupercup.png,12111,12112,1692,1693,,,,,,,,,60 min,
MOMO SPORTSCAR Supercup,Gumpert Apollo Sport,1788,68,1687,logos/MOMO_SportscarSupercup.png,12111,12112,1692,1693,,,,,,,,,60 min,
MOMO SPORTSCAR Supercup,Koenigsegg CCGT,1794,68,1687,logos/MOMO_SportscarSupercup.png,12111,12112,1692,1693,,,,,,,,,60 min,
MOMO SPORTSCAR Supercup,Nissan GT-R GT1,1807,68,1687,logos/MOMO_SportscarSupercup.png,12111,12112,1692,1693,,,,,,,,,60 min,
MOMO SPORTSCAR Supercup,RUF CTR3,1834,68,1687,logos/MOMO_SportscarSupercup.png,12111,12112,1692,1693,,,,,,,,,60 min,
MOMO SPORTSCAR Supercup,Saleen S7R,1686,68,1687,logos/MOMO_SportscarSupercup.png,12111,12112,1692,1693,,,,,,,,,60 min,
MOMO SPORTSCAR Supercup,Audi 90 Quattro,2405,70,1713,logos/MOMO_SportscarSupercup.png,12111,12112,1692,1693,,,,,,,,,60 min,
MOMO SPORTSCAR Supercup,Ford Mustang IMSA GTO,4386,70,1713,logos/MOMO_SportscarSupercup.png,12111,12112,1692,1693,,,,,,,,,60 min,
MOMO SPORTSCAR Supercup,Nissan 300ZX Z32,2868,70,1713,logos/MOMO_SportscarSupercup.png,12111,12112,1692,1693,,,,,,,,,60 min,
MOMO SPORTSCAR Supercup,BMW M1 Procar,2339,197,2378,logos/MOMO_SportscarSupercup.png,12111,12112,1692,1693,,,,,,,,,60 min,
Imsa Sportscar Challenge,Radical SR9 Judd,1831,35,1923,logos/ImsaSCC.jpg,8366,8367,9176,9324,1855,1856,1673,1674,5275,5276,9942,9943,80 min,free
Imsa Sportscar Challenge,Audi R8 LMS GT3 EVO II,12319,80,1703,logos/ImsaSCC.png,8366,8367,9176,9324,1855,1856,1673,1674,5275,5276,9942,9943,80 min,free
Imsa Sportscar Challenge,BMW M4 GT3,11536,80,1703,logos/ImsaSCC.png,8366,8367,9176,9324,1855,1856,1673,1674,5275,5276,9942,9943,80 min,free
Imsa Sportscar Challenge,Ferrari 296 GT3,12405,80,1703,logos/ImsaSCC.png,8366,8367,9176,9324,1855,1856,1673,1674,5275,5276,9942,9943,80 min,free
Imsa Sportscar Challenge,Lamborghini Huracán GT3 EVO II,12771,80,1703,logos/ImsaSCC.png,8366,8367,9176,9324,1855,1856,1673,1674,5275,5276,9942,9943,80 min,free
Imsa Sportscar Challenge,McLaren 720S GT3 EVO DTM,12815,80,13136,logos/ImsaSCC.png,8366,8367,9176,9324,1855,1856,1673,1674,5275,5276,9942,9943,80 min,free
Imsa Sportscar Challenge,Mercedes-AMG GT3 2020,9603,80,1703,logos/ImsaSCC.png,8366,8367,9176,9324,1855,1856,1673,1674,5275,5276,9942,9943,80 min,free
Imsa Sportscar Challenge,Porsche 911 GT3 R (992),12090,80,1703,logos/ImsaSCC.png,8366,8367,9176,9324,1855,1856,1673,1674,5275,5276,9942,9943,80 min,free
Imsa Sportscar Challenge,BMW M4 GT3 EVO DTM,13172,80,13136,logos/ImsaSCC.png,8366,8367,9176,9324,1855,1856,1673,1674,5275,5276,9942,9943,80 min,free
Imsa Sportscar Challenge,Audi R8 LMS GT4 2020,8900,165,5825,logos/ImsaSCC.png,8366,8367,9176,9324,1855,1856,1673,1674,5275,5276,9942,9943,80 min,free
Imsa Sportscar Challenge,BMW M4 GT4 (G82),12509,165,5825,logos/ImsaSCC.png,8366,8367,9176,9324,1855,1856,1673,1674,5275,5276,9942,9943,80 min,free
Imsa Sportscar Challenge,McLaren 570s GT4,10744,165,5825,logos/ImsaSCC.png,8366,8367,9176,9324,1855,1856,1673,1674,5275,5276,9942,9943,80 min,free
Imsa Sportscar Challenge,Mercedes AMG GT4 2020,9644,165,5825,logos/ImsaSCC.png,8366,8367,9176,9324,1855,1856,1673,1674,5275,5276,9942,9943,80 min,free
Imsa Sportscar Challenge,Porsche 718 Cayman GT4 Clubsport,8201,165,5825,logos/ImsaSCC.png,8366,8367,9176,9324,1855,1856,1673,1674,5275,5276,9942,9943,80 min,free
Imsa Sportscar Challenge,Mistral M531,1803,35,1923,logos/ImsaSCC.png,8366,8367,9176,9324,1855,1856,1673,1674,5275,5276,9942,9943,80 min,free